clean_build	504	1	3692393
settle_touch_mtime_r1	0	0	33238
touch_mtime_r1	0	0	31396
settle_comment_r1	0	0	26185
comment_r1	1	1	301073
settle_method_body_r1	1	1	246753
method_body_r1	1	1	214500
settle_add_field_r1	1	1	193292
add_field_r1	1	1	200359
settle_rename_unused_r1	1	1	183404
rename_unused_r1	1	1	184658
settle_rename_used_r1	1	1	180069
rename_used_r1	201	1	624459
settle_field_type_r1	201	1	569583
field_type_r1	1	1	168133
settle_add_derive_r1	1	1	152449
add_derive_r1	401	2	1070287
settle_drop_derive_r1	401	2	1135675
drop_derive_r1	601	2	1264471
settle_order_add_field_r1	601	2	1199538
order_add_field_r1	2	2	216590
settle_inline_body_r1	2	2	200490
inline_body_r1	4	2	275803
settle_noninline_body_r1	4	2	239433
noninline_body_r1	1	1	130667
settle_unrelated_body_r1	1	1	109756
unrelated_body_r1	1	1	126116
settle_consumer_body_r1	1	1	92817
consumer_body_r1	1	1	131044
settle_touch_mtime_r2	1	1	111825
touch_mtime_r2	0	0	30504
settle_comment_r2	0	0	16543
comment_r2	1	1	138633
settle_method_body_r2	1	1	118318
method_body_r2	1	1	134900
settle_add_field_r2	1	1	121258
add_field_r2	1	1	142323
settle_rename_unused_r2	1	1	111394
rename_unused_r2	1	1	132149
settle_rename_used_r2	1	1	114896
rename_used_r2	201	1	454209
settle_field_type_r2	201	1	438728
field_type_r2	1	1	129746
settle_add_derive_r2	1	1	115460
add_derive_r2	401	2	830140
settle_drop_derive_r2	401	2	797425
drop_derive_r2	601	2	1026390
settle_order_add_field_r2	601	2	1051959
order_add_field_r2	2	2	186840
settle_inline_body_r2	2	2	177583
inline_body_r2	4	2	225509
settle_noninline_body_r2	4	2	199301
noninline_body_r2	1	1	116420
settle_unrelated_body_r2	1	1	96817
unrelated_body_r2	1	1	97058
settle_consumer_body_r2	1	1	92492
consumer_body_r2	1	1	124638
settle_touch_mtime_r3	1	1	107322
touch_mtime_r3	0	0	33977
settle_comment_r3	0	0	13950
comment_r3	1	1	157476
settle_method_body_r3	1	1	109257
method_body_r3	1	1	125767
settle_add_field_r3	1	1	107947
add_field_r3	1	1	129149
settle_rename_unused_r3	1	1	107142
rename_unused_r3	1	1	123480
settle_rename_used_r3	1	1	107515
rename_used_r3	201	1	428906
settle_field_type_r3	201	1	409842
field_type_r3	1	1	132014
settle_add_derive_r3	1	1	103126
add_derive_r3	401	2	765868
settle_drop_derive_r3	401	2	774646
drop_derive_r3	601	2	977135
settle_order_add_field_r3	601	2	1012867
order_add_field_r3	2	2	187404
settle_inline_body_r3	2	2	159506
inline_body_r3	4	2	219140
settle_noninline_body_r3	4	2	191221
noninline_body_r3	1	1	119108
settle_unrelated_body_r3	1	1	93998
unrelated_body_r3	1	1	96916
settle_consumer_body_r3	1	1	82912
consumer_body_r3	1	1	121312
final_reset	1	1	100496
