clean_build	24	1	2058179
settle_touch_mtime_r1	0	0	45365
touch_mtime_r1	0	0	22502
settle_comment_r1	0	0	20189
comment_r1	1	1	309050
settle_method_body_r1	1	1	238386
method_body_r1	1	1	240304
settle_add_field_r1	1	1	201802
add_field_r1	1	1	189109
settle_rename_unused_r1	1	1	174049
rename_unused_r1	1	1	166098
settle_rename_used_r1	1	1	159434
rename_used_r1	7	1	183620
settle_field_type_r1	7	1	195921
field_type_r1	1	1	143977
settle_add_derive_r1	1	1	142150
add_derive_r1	13	2	263475
settle_drop_derive_r1	13	2	247449
drop_derive_r1	19	2	270315
settle_order_add_field_r1	19	2	266684
order_add_field_r1	2	2	198184
settle_inline_body_r1	2	2	198498
inline_body_r1	4	2	283217
settle_noninline_body_r1	4	2	250249
noninline_body_r1	1	1	104807
settle_unrelated_body_r1	1	1	109017
unrelated_body_r1	1	1	55510
settle_consumer_body_r1	1	1	50582
consumer_body_r1	1	1	82914
final_reset	1	1	75157
