clean_build	204	1	2832690
settle_touch_mtime_r1	0	0	30151
touch_mtime_r1	0	0	24783
settle_comment_r1	0	0	24309
comment_r1	1	1	323333
settle_method_body_r1	1	1	227318
method_body_r1	1	1	209877
settle_add_field_r1	1	1	192532
add_field_r1	1	1	187935
settle_rename_unused_r1	1	1	178915
rename_unused_r1	1	1	170562
settle_rename_used_r1	1	1	182302
rename_used_r1	51	1	299708
settle_field_type_r1	51	1	281407
field_type_r1	1	1	150675
settle_add_derive_r1	1	1	141069
add_derive_r1	101	2	522832
settle_drop_derive_r1	101	2	493967
drop_derive_r1	151	2	550070
settle_order_add_field_r1	151	2	574385
order_add_field_r1	2	2	196336
settle_inline_body_r1	2	2	192187
inline_body_r1	4	2	277640
settle_noninline_body_r1	4	2	239946
noninline_body_r1	1	1	109233
settle_unrelated_body_r1	1	1	103559
unrelated_body_r1	1	1	70039
settle_consumer_body_r1	1	1	67638
consumer_body_r1	1	1	98015
settle_touch_mtime_r2	1	1	91063
touch_mtime_r2	0	0	20961
settle_comment_r2	0	0	14080
comment_r2	1	1	117518
settle_method_body_r2	1	1	109548
method_body_r2	1	1	116177
settle_add_field_r2	1	1	106175
add_field_r2	1	1	129596
settle_rename_unused_r2	1	1	111111
rename_unused_r2	1	1	118247
settle_rename_used_r2	1	1	114372
rename_used_r2	51	1	241407
settle_field_type_r2	51	1	216053
field_type_r2	1	1	111344
settle_add_derive_r2	1	1	107197
add_derive_r2	101	2	414513
settle_drop_derive_r2	101	2	392054
drop_derive_r2	151	2	444429
settle_order_add_field_r2	151	2	499762
order_add_field_r2	2	2	175393
settle_inline_body_r2	2	2	165592
inline_body_r2	4	2	210404
settle_noninline_body_r2	4	2	208376
noninline_body_r2	1	1	96571
settle_unrelated_body_r2	1	1	91699
unrelated_body_r2	1	1	65113
settle_consumer_body_r2	1	1	61984
consumer_body_r2	1	1	93211
settle_touch_mtime_r3	1	1	80470
touch_mtime_r3	0	0	17750
settle_comment_r3	0	0	11411
comment_r3	1	1	109826
settle_method_body_r3	1	1	106122
method_body_r3	1	1	104967
settle_add_field_r3	1	1	97876
add_field_r3	1	1	105614
settle_rename_unused_r3	1	1	100587
rename_unused_r3	1	1	101570
settle_rename_used_r3	1	1	96462
rename_used_r3	51	1	215128
settle_field_type_r3	51	1	199990
field_type_r3	1	1	109637
settle_add_derive_r3	1	1	101790
add_derive_r3	101	2	336388
settle_drop_derive_r3	101	2	339898
drop_derive_r3	151	2	426060
settle_order_add_field_r3	151	2	410409
order_add_field_r3	2	2	164208
settle_inline_body_r3	2	2	158693
inline_body_r3	4	2	197698
settle_noninline_body_r3	4	2	190897
noninline_body_r3	1	1	100577
settle_unrelated_body_r3	1	1	92490
unrelated_body_r3	1	1	65907
settle_consumer_body_r3	1	1	61163
consumer_body_r3	1	1	87251
final_reset	1	1	79462
