clean_build	24	1	1999269
settle_touch_mtime_r1	0	0	26455
touch_mtime_r1	0	0	20770
settle_comment_r1	0	0	20188
comment_r1	1	1	331044
settle_method_body_r1	1	1	246058
method_body_r1	1	1	213845
settle_add_field_r1	1	1	219235
add_field_r1	1	1	194571
settle_rename_unused_r1	1	1	171751
rename_unused_r1	1	1	161748
settle_rename_used_r1	1	1	153062
rename_used_r1	7	1	177433
settle_field_type_r1	7	1	171809
field_type_r1	1	1	144214
settle_add_derive_r1	1	1	172694
add_derive_r1	13	2	266034
settle_drop_derive_r1	13	2	251351
drop_derive_r1	19	2	251894
settle_order_add_field_r1	19	2	256519
order_add_field_r1	2	2	211912
settle_inline_body_r1	2	2	194899
inline_body_r1	4	2	272432
settle_noninline_body_r1	4	2	253753
noninline_body_r1	1	1	111202
settle_unrelated_body_r1	1	1	100309
unrelated_body_r1	1	1	53843
settle_consumer_body_r1	1	1	52127
consumer_body_r1	1	1	77116
settle_touch_mtime_r2	1	1	75245
touch_mtime_r2	0	0	12994
settle_comment_r2	0	0	13177
comment_r2	1	1	127810
settle_method_body_r2	1	1	108304
method_body_r2	1	1	113549
settle_add_field_r2	1	1	104821
add_field_r2	1	1	111951
settle_rename_unused_r2	1	1	105257
rename_unused_r2	1	1	104301
settle_rename_used_r2	1	1	105913
rename_used_r2	7	1	119926
settle_field_type_r2	7	1	126370
field_type_r2	1	1	102377
settle_add_derive_r2	1	1	101248
add_derive_r2	13	2	197962
settle_drop_derive_r2	13	2	214988
drop_derive_r2	19	2	199779
settle_order_add_field_r2	19	2	211345
order_add_field_r2	2	2	162366
settle_inline_body_r2	2	2	172649
inline_body_r2	4	2	215222
settle_noninline_body_r2	4	2	200804
noninline_body_r2	1	1	91835
settle_unrelated_body_r2	1	1	90533
unrelated_body_r2	1	1	47996
settle_consumer_body_r2	1	1	45924
consumer_body_r2	1	1	69411
settle_touch_mtime_r3	1	1	65997
touch_mtime_r3	0	0	10304
settle_comment_r3	0	0	10193
comment_r3	1	1	98553
settle_method_body_r3	1	1	94291
method_body_r3	1	1	97264
settle_add_field_r3	1	1	97686
add_field_r3	1	1	97137
settle_rename_unused_r3	1	1	97345
rename_unused_r3	1	1	96880
settle_rename_used_r3	1	1	91283
rename_used_r3	7	1	109809
settle_field_type_r3	7	1	116222
field_type_r3	1	1	95604
settle_add_derive_r3	1	1	90912
add_derive_r3	13	2	182147
settle_drop_derive_r3	13	2	173886
drop_derive_r3	19	2	185379
settle_order_add_field_r3	19	2	203066
order_add_field_r3	2	2	149471
settle_inline_body_r3	2	2	146481
inline_body_r3	4	2	180826
settle_noninline_body_r3	4	2	218619
noninline_body_r3	1	1	85070
settle_unrelated_body_r3	1	1	87878
unrelated_body_r3	1	1	47247
settle_consumer_body_r3	1	1	45774
consumer_body_r3	1	1	71216
final_reset	1	1	63705
